Model,Domain,Task,Authors,Model accessibility,Link,Citations,Reference,Publication date,Organization,Parameters,Parameters notes,Training compute (FLOP),Training compute notes,Training dataset,Training dataset notes,Training dataset size (datapoints),Dataset size notes,Training time (hours),Training time notes,Training hardware,Confidence,Abstract,Country (of organization),Base model,Finetune compute (FLOP),Finetune compute notes,Hardware quantity,Training code accessibility,Accessibility notes,Organization categorization (from Organization)
Grok 4,"Language,Multimodal,Vision,Speech","Language modeling/generation,Question answering,Search,Audio question answering,Speech recognition,Speech synthesis,Visual question answering,Character recognition,Image captioning,Quantitative reasoning",,API access,https://x.ai/news/grok-4,,Grok 4,7/9/2025,xAI,,Rumored to be 2.4T params (https://x.com/kalomaze/status/1942996555088134592),5e+26,"We think that RL relative to pre-compute is between our estimate for o3 (10% of pre-training) and the 100% implied by this slide in the launch ( https://archive.is/f0vJU ). Assuming the same pre-training as Grok 3 (also implied by that slide, and much more consistent) and that Grok 3 used a tenth as much RL, we get:

2 * (grok3/1.1) in the high case (rl is 10% of grok 3, so grok3/1.1 is grok3 precompute, and in this case twice that is grok 4)
1.1 * (grok3/1.01) in the low case
The geometric mean is (rounded to one sig fig): 5e26
",Unspecified unreleased,,,,,,,Speculative,"Grok 4 is the most intelligent model in the world. It includes native tool use and real-time search integration, and is available now to SuperGrok and Premium+ subscribers, as well as through the xAI API. We are also introducing a new SuperGrok Heavy tier with access to Grok 4 Heavy - the most powerful version of Grok 4.",United States of America,,,,200000.0,Unreleased,,Industry
Grok-3,"Language,Vision,Multimodal","Chat,Language modeling/generation,Question answering,Code generation,Visual question answering",,Hosted access (no API),https://x.ai/blog/grok-3,,Grok 3 Beta ‚Äî The Age of Reasoning Agents,2/17/2025,xAI,,,3.5000000000000006e+26,"Estimate based on a cluster of 80,000 H100s per the xai website and an estimated training time of approximately three months.

Full estimate here: https://docs.google.com/document/d/1MIUFviULJ3YI_XjyzL8cwG0cBRANKNxVEB4DrUcFiNs/edit?usp=sharing",Unspecified unreleased,"Knowledge cutoff date is November 17, 2024, according to https://docs.x.ai/docs/models#models-and-pricing. ",,,2160.0,"Estimated to be approximately 3 months. See compute estimate notes for more details.
",NVIDIA H100 SXM5 80GB,Confident,,United States of America,,,,80000.0,Unreleased,,Industry
GPT-4.5,"Language,Vision,Multimodal","Language modeling/generation,Question answering,Quantitative reasoning,Translation,Visual question answering,Code generation,Instruction interpretation","Foundational contributors
Alex Paino, Ali Kamali, Amin Tootoonchian, Andrew Tulloch, Ben Sokolowsky, Clemens Winter, Colin Wei, Daniel Kappler, Daniel Levy, Felipe Petroski Such, Geoff Salmon, Ian O‚ÄôConnell, Jason Teplitz, Kai Chen, Nik Tezak, Prafulla Dhariwal, Rapha Gontijo Lopes, Sam Schoenholz, Youlong Cheng, Yujia Jin, Yunxing Dai

Research
Core contributors

Aiden Low, Alec Radford, Alex Carney, Alex Nichol, Alexis Conneau, Ananya Kumar, Ben Wang, Charlotte Cole , Elizabeth Yang, Gabriel Goh, Hadi Salman, Haitang Hu, Heewoo Jun, Ian Sohl, Ishaan Gulrajani, Jacob Coxon, James Betker, Jamie Kiros, Jessica Landon, Kyle Luther, Lia Guy, Lukas Kondraciuk, Lyric Doshi, Mikhail Pavlov, Qiming Yuan, Reimar Leike, Rowan Zellers, Sean Metzger, Shengjia Zhao, Spencer Papay, Tao Wang

Contributors

Adam Lerer, Aidan McLaughlin, Alexander Prokofiev, Alexandra Barr, Allan Jabri, Ananya Kumar, Andrew Gibiansky, Andrew Schmidt, Casey Chu, Chak Li, Chelsea Voss, Chris Hallacy, Chris Koch, Christine McLeavey, David Mely, Dimitris Tsipras, Eric Sigler, Erin Kavanaugh, Farzad Khorasani, Huiwen Chang, Ilya Kostrikov, Ishaan Singal, Ji Lin, Jiahui Yu, Jing Yu Zhang, John Rizzo, Jong Wook Kim, Joyce Lee, Juntang Zhuang, Leo Liu, Li Jing, Long Ouyang, Louis Feuvrier, Mo Bavarian, Nick Stathas, Nitish Keskar, Oleg Murk, Preston Bowman, Scottie Yan, SQ Mah, Tao Xu, Taylor Gordon, Valerie Qi, Wenda Zhou, Yu Zhang

Scaling
Core contributors

Adam Goucher, Alex Chow, Alex Renzin, Aleksandra Spyra, Avi Nayak, Ben Leimberger, Christopher Hesse, Duc Phong Nguyen, Dinghua Li, Eric Peterson, Francis Zhang, Gene Oden, Kai Fricke, Kai Hayashi, Larry Lv, Leqi Zou, Lin Yang, Madeleine Thompson, Michael Petrov, Miguel Castro, Natalia Gimelshein, Phil Tillet, Reza Zamani, Ryan Cheu Stanley Hsieh, Steve Lee, Stewart Hall, Thomas Raoux, Tianhao Zheng, Vishal Kuo, Yongjik Kim, Yuchen Zhang, Zhuoran Liu

Contributors

Alvin Wan, Andrew Cann, Antoine Pelisse, Anuj Kalia, Aaron Hurst, Avital Oliver, Brad Barnes, Brian Hsu, Chen Ding, Chen Shen, Cheng Chang, Christian Gibson, Duncan Findlay, Fan Wang, Fangyuan Li, Gianluca Borello, Heather Schmidt, Henrique Ponde de Oliveira Pinto, Ikai Lan, Jiayi Weng, James Crooks, Jos Kraaijeveld, Junru Shao, Kenny Hsu, Kenny Nguyen, Kevin King, Leah Burkhardt, Leo Chen, Linden Li, Lu Zhang, Mahmoud Eariby, Marat Dukhan, Mateusz Litwin, Miki Habryn, Natan LaFontaine, Pavel Belov, Peng Su, Prasad Chakka, Rachel Lim, Rajkumar Samuel, Renaud Gaubert, Rory Carmichael, Sarah Dong, Shantanu Jain, Stephen Logsdon, Todd Underwood, Weixing Zhang, Will Sheu, Weiyi Zheng, Yinghai Lu, Yunqiao Zhang

Safety Systems
Andrea Vallone, Andy Applebaum, Cameron Raymond, Chong Zhang, Dan Mossing, Elizabeth Proehl, Eric Wallace, Evan Mays, Grace Zhao, Ian Kivlichan, Irina Kofman, Joel Parish, Kevin Liu, Keren Gu-Lemberg, Kristen Ying, Lama Ahmad, Lilian Weng , Leon Maksin, Leyton Ho, Meghan Shah, Michael Lampe, Michele Wang, Miles Wang, Olivia Watkins, Phillip Guo, Samuel Miserendino, Sam Toizer, Sandhini Agarwal, Tejal Patwardhan, Tom Dupr√© la Tour, Tong Mu, Tyna Eloundou, Yunyun Wang

Deployment
Adam Brandon, Adam Perelman, Adele Li, Akshay Nathan, Alan Hayes, Alfred Xue, Alison Ben, Alec Gorge, Alex Guziel, Alex Iftimie, Ally Bennett, Andrew Chen, Andy Wang, Andy Wood, Angad Singh, Anoop Kotha, Antonia Woodford, Anuj Saharan, Ashley Tyra, Atty Eleti, Ben Schneider, Bessie Ji, Beth Hoover, Bill Chen, Blake Samic, Britney Smith, Brian Yu, Caleb Wang, Cary Bassin, Cary Hudson, Charlie Jatt, Chengdu Huang, Chris Beaumont, Christina Huang, Cristina Scheau, Dana Palmie, Daniel Levine, Daryl Neubieser, Dave Cummings, David Sasaki, Dibya Bhattacharjee, Dylan Hunn, Edwin Arbus, Elaine Ya Le, Enis Sert, Eric Kramer, Fred von Lohmann, Gaby Janatpour, Garrett McGrath, Garrett Ollinger, Gary Yang, Hao Sheng, Harold Hotelling, Janardhanan Vembunarayanan, Jeff Harris, Jeffrey Sabin Matsumoto, Jennifer Robinson, Jessica Liang, Jessica Shieh, Jiacheng Yang, Joel Morris, Joseph Florencio, Josh Kaplan, Kan Wu, Karan Sharma, Karen Li, Katie Pypes, Kendal Simon, Kendra Rimbach, Kevin Park, Kevin Rao, Laurance Fauconnet, Lauren Workman, Leher Pathak, Liang Wu, Liang Xiong, Lien Mamitsuka, Lindsay McCallum, Lukas Gross, Manoli Liodakis, Matt Nichols, Michelle Fradin, Minal Khan, Mingxuan Wang, Nacho Soto, Natalie Staudacher, Nikunj Handa, Niko Felix, Ning Liu, Olivier Godement, Oona Gleeson, Philip Pronin, Raymond Li, Reah Miyara, Rohan Nuttall, R.J. Marsan, Sara Culver, Scott Ethersmith, Sean Fitzgerald, Shamez Hemani, Sherwin Wu, Shiao Lee, Shuyang Cheng, Siyuan Fu, Spug Golden, Steve Coffey, Steven Heidel, Sundeep Tirumalareddy, Tabarak Khan, Thomas Degry, Thomas Dimson, Tom Stasi, Tomo Hiratsuka, Trevor Creech, Uzair Navid Iftikhar, Victoria Chernova, Victoria Spiegel, Wanning Jiang, Wenlei Xie, Yaming Lin, Yara Khakbaz, Yilei Qian, Yilong Qin, Yo Shavit, Zhi Bie

Executive Leadership
Bob McGrew, Greg Brockman, Hannah Wong, Jakub Pachocki, Johannes Heidecke, Joanne Jang, Kate Rouch, Kevin Weil, Lauren Itow, Liam Fedus, Mark Chen, Mia Glaese, Mira Murati, Nick Ryder, Sam Altman, Srinivas Narayanan, Tal Broda",API access,https://openai.com/index/introducing-gpt-4-5/,,Introducing GPT-4.5,2/27/2025,OpenAI,,,2.1e+26,"Speculative estimate based on GPT-N typically incrementing  by about 100x each version number (https://www.youtube.com/watch?v=6nJZopACRuQ) and 10x each 0.5 version number (https://x.com/karpathy/status/1895213020982472863).

OpenAI said GPT-4.5 was a ‚Äúnew order of magnitude in compute‚Äù, which they could have meant somewhat loosely. But seems quite likely >1e26 based on that statement, plus 4.5's high inference costs, and <5e26 because OpenAI probably didn‚Äôt have a substantially >100k H100 cluster in mid-2024.

In the ""Pretraining GPT-4.5"" interview, they state they used multi-cluster training: https://youtu.be/6nJZopACRuQ?si=FFJC-gEmGPZjvoPM&t=617 ",Unspecified unreleased,"""GPT-4.5 was pre-trained and post-trained on diverse datasets, including a mix of publicly available
data, proprietary data from data partnerships, and custom datasets developed in-house, which
collectively contribute to the model‚Äôs robust conversational capabilities and world knowledge.""
This model seems to also be known as GPT-4.5 Preview, which has a knowledge cutoff date of October 2023 - which I assume means October 1, 2023 - according to https://learn.microsoft.com/en-us/azure/ai-services/openai/concepts/models?tabs=global-standard%2Cstandard-chat-completions#computer-use-preview.",,,,,,Speculative,"We advance AI capabilities by scaling two complementary paradigms: unsupervised learning and reasoning. These represent two axes of intelligence.

Unsupervised learning increases world model accuracy and intuition. Models like GPT‚Äë3.5, GPT‚Äë4, and GPT‚Äë4.5 advance this paradigm.
Scaling reasoning‚Å†, on the other hand, teaches models to think and produce a chain of thought before they respond, allowing them to tackle complex STEM or logic problems. Models like OpenAI o1 and OpenAI o3‚Äëmini advance this paradigm.
GPT‚Äë4.5 is an example of scaling unsupervised learning by scaling up compute and data, along with architecture and optimization innovations. GPT‚Äë4.5 was trained on Microsoft Azure AI supercomputers. The result is a model that has broader knowledge and a deeper understanding of the world, leading to reduced hallucinations and more reliability across a wide range of topics.",United States of America,,,,,Unreleased,,Industry
Llama 4 Behemoth (preview),"Multimodal,Language,Vision","Chat,Code generation,Visual question answering,Translation,Language modeling/generation,Quantitative reasoning,Question answering",,Unreleased,https://ai.meta.com/blog/llama-4-multimodal-intelligence/,,The Llama 4 herd: The beginning of a new era of natively multimodal AI innovation,4/5/2025,Meta AI,2000000000000.0,"""Llama 4 Behemoth, a 288 billion active parameter model with 16 experts that is our most powerful yet and among the world‚Äôs smartest LLMs.""",5.18e+25,"Behemoth's training dataset is at least 30T tokens:
https://ai.meta.com/blog/llama-4-multimodal-intelligence/ 

6 FLOP / parameter / token * 288 * 10^9 activated parameters * 30 * 10^12 tokens = 5.184e+25 FLOP",,,30000000000000.0,"""The overall data mixture for training consisted of more than 30 trillion tokens, which is more than double the Llama 3 pre-training mixture and includes diverse text, image, and video datasets.""",,"Based on the model cards for Llama 4 Scout and Maverick, they seem to be using H100-80GB GPUs, despite the article saying that 390 TFLOPS/GPU was a high MFU (it is high throughput, but <20% MFU in FP8).",NVIDIA H100 SXM5 80GB,Likely,"We‚Äôre sharing the first models in the Llama 4 herd, which will enable people to build more personalized multimodal experiences.
...
Llama 4 Behemoth, a 288 billion active parameter model with 16 experts that is our most powerful yet and among the world‚Äôs smartest LLMs. Llama 4 Behemoth outperforms GPT-4.5, Claude Sonnet 3.7, and Gemini 2.0 Pro on several STEM benchmarks. Llama 4 Behemoth is still training, and we‚Äôre excited to share more details about it even while it‚Äôs still in flight.
Download the Llama 4 Scout and Llama 4 Maverick models today on llama.com and Hugging Face. Try Meta AI built with Llama 4 in WhatsApp, Messenger, Instagram Direct, and on the web.",United States of America,,,,32000.0,Unreleased,"""While we‚Äôre not yet releasing Llama 4 Behemoth as it is still training""",Industry
Gemini 1.0 Ultra,"Multimodal,Language,Vision","Language modeling,Visual question answering,Chat,Translation",Gemini Team,API access,https://storage.googleapis.com/deepmind-media/gemini/gemini_1_report.pdf,633.0,Gemini: A Family of Highly Capable Multimodal Models,12/6/2023,Google DeepMind,,,4.999999999999999e+25,"This number is an estimate based on limited evidence. In particular, we combine information about the performance of Gemini Ultra on various benchmarks compared to other models, and guesstimates about the hardware setup used for training to arrive at our estimate. Our reasoning and calculations are detailed in this Colab notebook.
https://colab.research.google.com/drive/1sfG91UfiYpEYnj_xB5YRy07T5dv-9O_c",Unspecified unreleased,"""Gemini models are trained on a dataset that is both multimodal and multilingual. Our pretraining dataset uses data from web documents, books, and code, and includes image, audio, and video data... We find that data quality is critical to a highlyperforming model, and believe that many interesting questions remain around finding the optimal dataset distribution for pretraining.""",,,2400.0,"Dylan Patel, author of SemiAnalysis, speculates that the training duration of Gemini may have been 100 days.",Google TPU v4,Speculative,"This report introduces a new family of multimodal models, Gemini, that exhibit remarkable capabilities across image, audio, video, and text understanding. The Gemini family consists of Ultra, Pro, and Nano sizes, suitable for applications ranging from complex reasoning tasks to on-device memory-constrained use-cases. Evaluation on a broad range of benchmarks shows that our most-capable Gemini Ultra model advances the state of the art in 30 of 32 of these benchmarks ‚Äî notably being the first model to achieve human-expert performance on the well-studied exam benchmark MMLU, and improving the state of the art in every one of the 20 multimodal benchmarks we examined. We believe that the new capabilities of Gemini models in cross-modal reasoning and language understanding will enable a wide variety of use cases and we discuss our approach toward deploying them responsibly to users.
","United States of America,United Kingdom of Great Britain and Northern Ireland,Multinational",,,,57000.0,Unreleased,API access: https://cloud.google.com/vertex-ai/generative-ai/docs/learn/models,Industry
Llama Nemotron Ultra 253B,Language,"Language modeling/generation,Question answering,Quantitative reasoning,Code generation,Neural Architecture Search - NAS","Akhiad Bercovich, Itay Levy, Izik Golan, Mohammad Dabbah, Ran El-Yaniv, Omri Puny, Ido Galil, Zach Moshe, Tomer Ronen, Najeeb Nabwani, Ido Shahaf, Oren Tropp, Ehud Karpas, Ran Zilberstein, Jiaqi Zeng, Soumye Singhal, Alexander Bukharin, Yian Zhang, Tugrul Konuk, Gerald Shen, Ameya Sunil Mahabaleshwarkar, Bilal Kartal, Yoshi Suhara, Olivier Delalleau, Zijia Chen, Zhilin Wang, David Mosallanezhad, Adi Renduchintala, Haifeng Qian, Dima Rekesh, Fei Jia, Somshubra Majumdar, Vahid Noroozi, Wasi Uddin Ahmad, Sean Narenthiran, Aleksander Ficek, Mehrzad Samadi, Jocelyn Huang, Siddhartha Jain, Igor Gitman, Ivan Moshkov, Wei Du, Shubham Toshniwal, George Armstrong, Branislav Kisacanin, Matvei Novikov, Daria Gitman, Evelina Bakhturina, Jane Polak Scowcroft, John Kamalu, Dan Su, Kezhi Kong, Markus Kliegl, Rabeeh Karimi, Ying Lin, Sanjeev Satheesh, Jupinder Parmar, Pritam Gundecha, Brandon Norick, Joseph Jennings, Shrimai Prabhumoye, Syeda Nahida Akter, Mostofa Patwary, Abhinav Khattar, Deepak Narayanan, Roger Waleffe, Jimmy Zhang, Bor-Yiing Su, Guyue Huang, Terry Kong, Parth Chadha, Sahil Jain, Christine Harvey, Elad Segal, Jining Huang, Sergey Kashirsky, Robert McQueen, Izzy Putterman, George Lam, Arun Venkatesan, Sherry Wu, Vinh Nguyen, Manoj Kilaru, Andrew Wang, Anna Warno, Abhilash Somasamudramath, Sandip Bhaskar, Maka Dong, Nave Assaf, Shahar Mor, Omer Ullman Argov, Scot Junkin, Oleksandr Romanenko, Pedro Larroy, Monika Katariya, Marco Rovinelli, Viji Balas, Nicholas Edelman, Anahita Bhiwandiwalla, Muthu Subramaniam et al. (32 additional authors not shown)",Open weights (restricted use),https://arxiv.org/abs/2505.00949,,Ultra is 253B distilled from Llama 3.1 405B for maximum agentic accuracy on multi-GPU data center servers.,3/18/2025,NVIDIA,253000000000.0,"253B
""Dense decoder-only Transformer model Network Architecture: Llama-3.1-405B-Instruct, customized through Neural Architecture Search (NAS)

**This model was developed based on Llama-3.1-405B-Instruct
** This model has 253B model parameters.""",3.91e+25,"Total training compute: 3.8e+25 FLOP (base model) + 1.11e+24 FLOP (fine-tuning) = 3.9e25 FLOP
See calculation in the finetune compute notes.","Unspecified unreleased,Llama Nemotron Post Training Dataset",,603000000000.0,"KD + Continued Training: 
""LN-Ultra is first trained with knowledge distillation for 65B tokens using the same distillation dataset, followed by 88B tokens of continued training on the Nemotron-H phase 4 pretraining dataset (NVIDIA et al., 2025)."" (from the paper)

Reasoning training data (SFT): 
for Super model (from the blog) ""60B tokens of synthetic data (representing 4M of the 30M generated samples)"" -> the entire dataset is ~450B tokens (Ultra model is likely to be trained on the entire dataset (""Likely"" confidence}

65b+88b+450b = 603b tokens

RL for Scientific Reasoning:140k h100 hours (240k samples)

RL for instruction following: 30k prompts

RL for chat: 50k prompts",,,,Likely,"Llama-3.1-Nemotron-Ultra-253B-v1 is a large language model (LLM) which is a derivative of Meta Llama-3.1-405B-Instruct (AKA the reference model). It is a reasoning model that is post trained for reasoning, human chat preferences, and tasks, such as RAG and tool calling. The model supports a context length of 128K tokens. This model fits on a single 8xH100 node for inference.

Llama-3.1-Nemotron-Ultra-253B-v1 is a model which offers a great tradeoff between model accuracy and efficiency. Efficiency (throughput) directly translates to savings. Using a novel Neural Architecture Search (NAS) approach, we greatly reduce the model‚Äôs memory footprint, enabling larger workloads, as well as reducing the number of GPUs required to run the model in a data center environment. This NAS approach enables the selection of a desired point in the accuracy-efficiency tradeoff. Furthermore, by using a novel method to vertically compress the model (see details here), it also offers a significant improvement in latency.

The model underwent a multi-phase post-training process to enhance both its reasoning and non-reasoning capabilities. This includes a supervised fine-tuning stage for Math, Code, Reasoning, Chat, and Tool Calling as well as multiple reinforcement learning (RL) stages using Group Relative Policy Optimization (GRPO) algorithms for reasoning, chat, and instruction-following.",United States of America,Llama 3.1-405B,1.0,"Knowledge Distillation + Continued pre-training + SFT: 

6 FLOP / parameter / token * 253000000000 parameters * 6033000000000 tokens [see dataset size notes] = 9.15354e+23 FLOP

RL: ""the whole training takes approximately 140k H100 hours""

989400000000000 FLOP / sec / GPU [bf16] * 140000 GPU-hours * 3600 sec / hour * 0.4 [assumed utilization] = 1.9946304e+23 FLOP

Total: 9.15354e+23 FLOP + 1.9946304e+23 FLOP = 1.114817e+24 FLOP
",,Unreleased,"GOVERNING TERMS: Your use of this model is governed by the NVIDIA Open Model License. Additional Information: Llama 3.3 Community License Agreement. Built with Llama.

https://huggingface.co/nvidia/Llama-3_1-Nemotron-Ultra-253B-v1",Industry
GPT-4o,"Multimodal,Language,Audio,Speech,Vision","Chat,Image generation,Audio generation,Vision-language generation,Table tasks,Language modeling/generation,Question answering,Speech recognition","Aidan Clark, Alex Paino, Jacob Menick, Liam Fedus, Luke Metz, Clemens Winter, Lia Guy, Sam Schoenholz, Daniel Levy, Nitish Keskar, Alex Carney, Alex Paino, Ian Sohl, Qiming Yuan, Reimar Leike, Arka Dhar, Brydon Eastman, Mia Glaese, Ben Sokolowsky, Andrew Kondrich, Felipe Petroski Such, Henrique Ponde de Oliveira Pinto, Jiayi Weng, Randall Lin, Youlong Cheng, Nick Ryder, Lauren Itow, Barret Zoph, John Schulman, Mianna Chen, Adam Lerer, Adam P. Goucher, Adam Perelman, Akila Welihinda, Alec Radford, Alex Borzunov, Alex Carney, Alex Chow, Alex Paino, Alex Renzin, Alex Tachard Passos, Alexi Christakis, Ali Kamali, Allison Moyer, Allison Tam, Amin Tootoonchian, Ananya Kumar, Andrej Karpathy, Andrey Mishchenko, Andrew Cann, Andrew Kondrich, Andrew Tulloch, Angela Jiang, Antoine Pelisse, Anuj Gosalia, Avi Nayak, Avital Oliver, Behrooz Ghorbani, Ben Leimberger, Ben Wang, Blake Samic, Brian Guarraci, Brydon Eastman, Camillo Lugaresi, Chak Li, Charlotte Barette, Chelsea Voss, Chong Zhang, Chris Beaumont, Chris Hallacy, Chris Koch, Christian Gibson, Christopher Hesse, Colin Wei, Daniel Kappler, Daniel Levin, Daniel Levy, David Farhi, David Mely, David Sasaki, Dimitris Tsipras, Doug Li, Duc Phong Nguyen, Duncan Findlay, Edmund Wong, Ehsan Asdar, Elizabeth Proehl, Elizabeth Yang, Eric Peterson, Eric Sigler, Eugene Brevdo, Farzad Khorasani, Francis Zhang, Gene Oden, Geoff Salmon, Hadi Salman, Haiming Bao, Heather Schmidt, Hongyu Ren, Hyung Won Chung, Ian Kivlichan, Ian O'Connell, Ian Osband, Ilya Kostrikov, Ingmar Kanitscheider, Jacob Coxon, James Crooks, James Lennon, Jason Teplitz, Jason Wei, Jason Wolfe, Jay Chen, Jeff Harris, Jiayi Weng, Jie Tang, Joanne Jang, Jonathan Ward, Jonathan McKay, Jong Wook Kim, Josh Gross, Josh Kaplan, Joy Jiao, Joyce Lee, Juntang Zhuang, Kai Fricke, Kavin Karthik, Kenny Hsu, Kiel Howe, Kyle Luther, Larry Kai, Lauren Itow, Leo Chen, Lia Guy, Lien Mamitsuka, Lilian Weng, Long Ouyang, Louis Feuvrier, Lukas Kondraciuk, Lukasz Kaiser, Lyric Doshi, Mada Aflak, Maddie Simens, Madeleine Thompson, Marat Dukhan, Marvin Zhang, Mateusz Litwin, Max Johnson, Mayank Gupta, Mia Glaese, Michael Janner, Michael Petrov, Michael Wu, Michelle Fradin, Michelle Pokrass, Miguel Oom Temudo de Castro, Mikhail Pavlov, Minal Khan, Mo Bavarian, Natalia Gimelshein, Natalie Staudacher, Nick Stathas, Nik Tezak, Nithanth Kudige, Noel Bundick, Ofir Nachum, Oleg Boiko, Oleg Murk, Olivier Godement, Owen Campbell-Moore, Philip Pronin, Philippe Tillet, Rachel Lim, Rajan Troll, Randall Lin, Rapha gontijo lopes, Raul Puri, Reah Miyara, Reimar Leike, Renaud Gaubert, Reza Zamani, Rob Honsby, Rohit Ramchandani, Rory Carmichael, Ruslan Nigmatullin, Ryan Cheu, Scott Gray, Sean Grove, Sean Metzger, Shantanu Jain, Shengjia Zhao, Sherwin Wu, Shuaiqi (Tony) Xia, Sonia Phene, Spencer Papay, Steve Coffey, Steve Lee, Steve Lee, Stewart Hall, Suchir Balaji, Tal Broda, Tal Stramer, Tarun Gogineni, Ted Sanders, Thomas Cunninghman, Thomas Dimson, Thomas Raoux, Tianhao Zheng, Tina Kim, Todd Underwood, Tristan Heywood, Valerie Qi, Vinnie Monaco, Vlad Fomenko, Weiyi Zheng, Wenda Zhou, Wojciech Zaremba, Yash Patil, Yilei, Qian, Yongjik Kim, Youlong Cheng, Yuchen He, Yuchen Zhang, Yujia Jin, Yunxing Dai, Yury Malkov",API access,"https://openai.com/index/hello-gpt-4o/ 
https://openai.com/index/gpt-4o-system-card/",,Hello GPT-4o,5/13/2024,OpenAI,,"Not known.

Inference costs in the API are 2x cheaper than GPT-4 Turbo",3.81e+25,Training compute estimated from benchmark scores.,Unspecified unreleased,"""With GPT-4o, we trained a single new model end-to-end across text, vision, and audio.""
This has a knowledge cutoff date of October 2023 - which I assume means October 1, 2023 - according to https://learn.microsoft.com/en-us/azure/ai-services/openai/concepts/models?tabs=global-standard%2Cstandard-chat-completions#gpt-4o-and-gpt-4-turbo.",,,,,,Speculative,"We‚Äôre announcing GPT-4o, our new flagship model that can reason across audio, vision, and text in real time.

GPT-4o (‚Äúo‚Äù for ‚Äúomni‚Äù) is a step towards much more natural human-computer interaction‚Äîit accepts as input any combination of text, audio, image, and video and generates any combination of text, audio, and image outputs. It can respond to audio inputs in as little as 232 milliseconds, with an average of 320 milliseconds, which is similar to human response time(opens in a new window) in a conversation. It matches GPT-4 Turbo performance on text in English and code, with significant improvement on text in non-English languages, while also being much faster and 50% cheaper in the API. GPT-4o is especially better at vision and audio understanding compared to existing models.",United States of America,,,"Definitely a new model, not a GPT-4 finetune",,Unreleased,,Industry
Llama 3.1-405B,Language,Language modeling/generation,"Abhimanyu Dubey, Abhinav Jauhri, Abhinav Pandey, Abhishek Kadian, Ahmad Al-Dahle, Aiesha Letman,
Alan Schelten, Amy Yang, Angela Fan, Anirudh Goyal, Anthony Hartshorn, Aobo Yang, Archi Mitra, Archie
Sravankumar, Artem Korenev, Arthur Hinsvark, Arun Rao, Aston Zhang, Aurelien Rodriguez, Austen
Gregerson, Ava Spataru, Baptiste Roziere, Bethany Biron, Binh Tang, Bobbie Chern, Charlotte Caucheteux,
Chaya Nayak, Chloe Bi, Chris Marra, Chris McConnell, Christian Keller, Christophe Touret, Chunyang
Wu, Corinne Wong, Cristian Canton Ferrer, Cyrus Nikolaidis, Damien Allonsius, Daniel Song, Danielle
Pintz, Danny Livshits, David Esiobu, Dhruv Choudhary, Dhruv Mahajan, Diego Garcia-Olano, Diego Perino,
Dieuwke Hupkes, Egor Lakomkin, Ehab AlBadawy, Elina Lobanova, Emily Dinan, Eric Michael Smith, Filip
Radenovic, Frank Zhang, Gabriel Synnaeve, Gabrielle Lee, Georgia Lewis Anderson, Graeme Nail, Gregoire
Mialon, Guan Pang, Guillem Cucurell, Hailey Nguyen, Hannah Korevaar, Hu Xu, Hugo Touvron, Iliyan Zarov,
Imanol Arrieta Ibarra, Isabel Kloumann, Ishan Misra, Ivan Evtimov, Jade Copet, Jaewon Lee, Jan Geffert,
Jana Vranes, Jason Park, Jay Mahadeokar, Jeet Shah, Jelmer van der Linde, Jennifer Billock, Jenny Hong,
Jenya Lee, Jeremy Fu, Jianfeng Chi, Jianyu Huang, Jiawen Liu, Jie Wang, Jiecao Yu, Joanna Bitton, Joe
Spisak, Jongsoo Park, Joseph Rocca, Joshua Johnstun, Joshua Saxe, Junteng Jia, Kalyan Vasuden Alwala,
Kartikeya Upasani, Kate Plawiak, Ke Li, Kenneth Heafield, Kevin Stone, Khalid El-Arini, Krithika Iyer,
Kshitiz Malik, Kuenley Chiu, Kunal Bhalla, Lauren Rantala-Yeary, Laurens van der Maaten, Lawrence
Chen, Liang Tan, Liz Jenkins, Louis Martin, Lovish Madaan, Lubo Malo, Lukas Blecher, Lukas Landzaat,
Luke de Oliveira, Madeline Muzzi, Mahesh Pasupuleti, Mannat Singh, Manohar Paluri, Marcin Kardas,
Mathew Oldham, Mathieu Rita, Maya Pavlova, Melanie Kambadur, Mike Lewis, Min Si, Mitesh Kumar
Singh, Mona Hassan, Naman Goyal, Narjes Torabi, Nikolay Bashlykov, Nikolay Bogoychev, Niladri Chatterji,
Olivier Duchenne, Onur √áelebi, Patrick Alrassy, Pengchuan Zhang, Pengwei Li, Petar Vasic, Peter Weng,
Prajjwal Bhargava, Pratik Dubal, Praveen Krishnan, Punit Singh Koura, Puxin Xu, Qing He, Qingxiao Dong,
Ragavan Srinivasan, Raj Ganapathy, Ramon Calderer, Ricardo Silveira Cabral, Robert Stojnic, Roberta
Raileanu, Rohit Girdhar, Rohit Patel, Romain Sauvestre, Ronnie Polidoro, Roshan Sumbaly, Ross Taylor,
Ruan Silva, Rui Hou, Rui Wang, Saghar Hosseini, Sahana Chennabasappa, Sanjay Singh, Sean Bell, Seohyun
Sonia Kim, Sergey Edunov, Shaoliang Nie, Sharan Narang, Sharath Raparthy, Sheng Shen, Shengye Wan,
Shruti Bhosale, Shun Zhang, Simon Vandenhende, Spencer Whitman, Sten Sootla, Stephane Collot, Suchin
Gururangan, Sydney Borodinsky, Tamar Herman, Tara Fowler, Tarek Sheasha, Thomas Georgiou, Thomas
Scialom, Tobias Speckbacher, Todor Mihaylov, Tong Xiao, Ujjwal Karn, Vedanuj Goswami, Vibhor Gupta,
Vignesh Ramanathan, Viktor Kerkez, Vincent Gonguet, Virginie Do, Vish Vogeti, Vladan Petrovic, Weiwei
Chu, Wenhan Xiong, Wenyin Fu, Whitney Meers, Xavier Martinet, Xiaodong Wang, Xiaoqing Ellen Tan,
Xinfeng Xie, Xuchao Jia, Xuewei Wang, Yaelle Goldschlag, Yashesh Gaur, Yasmine Babaei, Yi Wen, Yiwen
Song, Yuchen Zhang, Yue Li, Yuning Mao, Zacharie Delpierre Coudert, Zheng Yan, Zhengxing Chen, and Zoe
Papakipos.
(core contributors)",Open weights (restricted use),https://ai.meta.com/research/publications/the-llama-3-herd-of-models/,,The Llama 3 Herd of Models,7/23/2024,Meta AI,405000000000.0,405B,3.8e+25,"Stated in paper.

Also, 6 * 405B * 15.6T training tokens = 3.8e25",Llama 3 dataset,"Knowledge cutoff date is December 2023, according to https://huggingface.co/meta-llama/Llama-3.1-405B.",15600000000000.0,15.6T tokens,2142.0,"Trained on 30.84M GPU hours (https://huggingface.co/blog/llama31) and used ""up to 16K H100 GPU[s]"" so training took at least
30.84M / 16k = 1927.5 hours or ~80 days. 

Section 3.3.4 gives reliability details over a 54 day period during training, for which they had ""higher than 90% effective training time""
1927.5 / 0.9 = 2142 hours

Probably, full training time is somewhat longer, since it sounds like there were periods where not all 16k H100s were running.",NVIDIA H100 SXM5 80GB,Confident,"Modern artificial intelligence (AI) systems are powered by foundation models. This paper presents a new set of foundation models, called Llama 3. It is a herd of language models that natively support multilinguality, coding, reasoning, and tool usage. Our largest model is a dense Transformer with 405B parameters and a context window of up to 128K tokens. This paper presents an extensive empirical evaluation of Llama 3. We find that Llama 3 delivers comparable quality to leading language models such as GPT-4 on a plethora of tasks. We publicly release Llama 3, including pre-trained and post-trained versions of the 405B parameter language model and our Llama Guard 3 model for input and output safety. The paper also presents the results of experiments in which we integrate image, video, and speech capabilities into Llama 3 via a compositional approach. We observe this approach performs competitively with the state-of-the-art on image, video, and speech recognition tasks. The resulting models are not yet being broadly released as they are still under development.",United States of America,,,,16384.0,Open (restricted use),"Llama 3.1 model license:

https://huggingface.co/meta-llama/Meta-Llama-3.1-8B/blob/main/LICENSE 

must seek separate license if over 700m monthly users, acceptable use restrictions

training code here: https://github.com/meta-llama/llama-recipes/blob/main/src/llama_recipes/utils/train_utils.py#L70 
",Industry
GLM-4-Plus,Language,Language modeling,Zhipu AI,API access,https://bigmodel.cn/dev/howuse/glm-4,,GLM-4-Plus,8/29/2024,Zhipu AI,,,3.6e+25,Estimated using benchmark imputation,,,,,,,,Unknown,"At the KDD International Conference on Data Mining and Knowledge Discovery, the Zhipu GLM team unveiled the new generation of base large model‚ÄîGLM-4-Plus. As the latest version of Zhipu‚Äôs fully self-developed GLM large model, GLM-4-Plus signifies Zhipu AI‚Äôs continuous dedication in the field of general artificial intelligence, advancing the independent and autonomous innovation of large model technology.",China,,,,,Unreleased,,Industry
Claude 3.7 Sonnet,"Language,Vision,Multimodal","Language modeling/generation,Question answering,Code generation,Quantitative reasoning,Translation,Instruction interpretation,Visual question answering",,API access,https://www.anthropic.com/news/claude-3-7-sonnet,,Claude 3.7 Sonnet,2/24/2025,Anthropic,,,3.35e+25,https://docs.google.com/spreadsheets/d/10bhwdVrfHI8tysVIz62ZxtvQ30L-HojYvmU18_b-WIM/edit?gid=0#gid=0,Unspecified unreleased,"""Claude 3.7 Sonnet is trained on a proprietary mix of publicly available information on the Internet, as well as non-public data from third parties, data provided by data labeling services and paid contractors, and data we
generate internally. While trained on publicly available information on the internet through November 2024, Claude 3.7 Sonnet‚Äôs knowledge cut-off date is the end of October 2024. This means the model‚Äôs knowledge base is most extensive and reliable on information and events up to October 2024.""",,,,,,Likely,"Today, we‚Äôre announcing Claude 3.7 Sonnet1, our most intelligent model to date and the first hybrid reasoning model on the market. Claude 3.7 Sonnet can produce near-instant responses or extended, step-by-step thinking that is made visible to the user. API users also have fine-grained control over how long the model can think for.

Claude 3.7 Sonnet shows particularly strong improvements in coding and front-end web development. ",United States of America,,,,,Unreleased,,Industry
Grok-2,"Language,Vision,Multimodal","Chat,Language modeling/generation,Question answering,Code generation,Visual question answering",,Hosted access (no API),https://x.ai/blog/grok-2,,Grok-2 Beta Release,8/13/2024,xAI,,,2.96e+25,Estimate based on xAI statements comparing Grok-2 compute to GPT-4 and Grok-3. Full estimate here: https://docs.google.com/document/d/1C_dABuZrAqYE_ui4_GZ4bRLtq3TBjIGoBSktaPElhEU/edit?usp=sharing,Unspecified unreleased,"Knowledge cutoff date is August 2024, according to https://llm-stats.com/models/grok-2.",,,,,NVIDIA H100 SXM5 80GB,Confident,Grok-2 is our frontier language model with state-of-the-art reasoning capabilities. This release includes two members of the Grok family: Grok-2 and Grok-2 mini. Both models are now being released to Grok users on the ùïè platform.,United States of America,,,,,Unreleased,,Industry
Claude 3.5 Sonnet,"Multimodal,Language,Vision","Chat,Image captioning,Code generation,Language modeling/generation",,API access,https://www-cdn.anthropic.com/fed9cc193a14b84131812372d8d5857f8f304c52/Model_Card_Claude_3_Addendum.pdf,,Claude 3.5 Sonnet,6/20/2024,Anthropic,,,2.7e+25,"Blog post by Dario Amodei includes some info on 3.5 Sonnet compute: https://darioamodei.com/on-deepseek-and-export-controls
""Claude 3.5 Sonnet is a mid-sized model that cost a few $10M's to train (I won't give an exact number). Also, 3.5 Sonnet was not trained in any way that involved a larger or more expensive model (contrary to some rumors).""

Using assumptions about GPU pricing, this lets us estimate compute. https://docs.google.com/spreadsheets/d/1-p-ab6t6dkUM6T7GwnFp85ePTMpZMW7LFY7fW2t8POs/",Unspecified unreleased,Training data cutoff Apr 2024,,,,,,Speculative,,United States of America,,,,,Unreleased,,Industry
Doubao-pro,Language,"Language modeling/generation,Question answering,Text summarization,Text classification",,API access,https://www.volcengine.com/docs/6360/1264663,,Doubao General Model Pro (Doubao-pro),10/28/2024,ByteDance,500000000000.0,"[Speculative] Doubao's large language model has scaled up from 35 billion parameters to 800 billion, with 500 billion and 800 billion parameter models currently under training.
https://xueqiu.com/9637001584/309910396?md5__1038=7qmx2DyDuie4cDBqDTQEWqDtMvO4iTphD
",2.51e+25,6ND = 6 * 500*10^9 * 8350*10^9 = 2.505e+25,Unspecified unreleased,"Translation of report: The Doubao model's pre-training data volume is approximately 500TB, with the actual fed amount accounting for about 1/10.

Assuming 167M token per GB, this is 8.4T tokens.

Doubao's data sources primarily rely on proprietary business data, accounting for 50-60%; externally sourced data comprises 15-20%; and synthetic data has been used since June of this year, although Doubao is cautious in feeding synthetic data due to its uncertain quality.",8350000000000.0,"[Speculative] Doubao's pre-training data volume is approximately 500TB, with only about 10% of this data actually used for training. The current version employs a non-Mixture-of-Experts (MoE) architecture. In the future, MoE architecture may be introduced to increase parameter count and performance, while also integrating multimodal data solutions.

So this model is dense, and the training data is probably all text tokens, not multimodal.

50TB * 167M tokens/GB ~= 8.35 trillion tokens
",,,,Speculative,"A professional-grade, self-developed LLM supporting up to 128k tokens, enabling fine-tuning across the entire series. ",China,,,,,Unreleased,,Industry
GPT-4 Turbo,"Multimodal,Vision,Language,Image generation","Chat,Language modeling/generation,Image generation,Speech synthesis,Table tasks,Visual question answering,Image captioning",,API access,https://openai.com/blog/new-models-and-developer-products-announced-at-devday,,New models and developer products announced at DevDay,11/6/2023,OpenAI,,Not known. Maybe smaller/sparser than GPT-4.,2.2e+25,Estimated using benchmark imputation,Unspecified unreleased,"This model was announced in November 2023, so I assume that this is the preview model, which has a knowledge cutoff date of April 2023 - which I assume means April 1, 2023 - according to https://learn.microsoft.com/en-us/azure/ai-services/openai/concepts/models?tabs=global-standard%2Cstandard-chat-completions#gpt-35. ",,,,,,Unknown,"Today, we shared dozens of new additions and improvements, and reduced pricing across many parts of our platform. These include:

New GPT-4 Turbo model that is more capable, cheaper and supports a 128K context window",United States of America,,,,,Unreleased,,Industry
Mistral Large 2,Language,"Language modeling/generation,Translation,Code generation","Albert Jiang, Alexandre Sablayrolles, Alexis Tacnet, Alok Kothari, Antoine Roux, Arthur Mensch, Audrey Herblin-Stoop, Augustin Garreau, Austin Birky, Bam4d, Baptiste Bout, Baudouin de Monicault, Blanche Savary, Carole Rambaud, Caroline Feldman, Devendra Singh Chaplot, Diego de las Casas, Diogo Costa, Eleonore Arcelin, Emma Bou Hanna, Etienne Metzger, Gaspard Blanchet, Gianna Lengyel, Guillaume Bour, Guillaume Lample, Harizo Rajaona, Henri Roussez, Hichem Sattouf, Ian Mack, Jean-Malo Delignon, Jessica Chudnovsky, Justus Murke, Kartik Khandelwal, Lawrence Stewart, Louis Martin, Louis Ternon, Lucile Saulnier, L√©lio Renard Lavaud, Margaret Jennings, Marie Pellat, Marie Torelli, Marie-Anne Lachaux, Marjorie Janiewicz, Micka√´l Seznec, Nicolas Schuhl, Niklas Muhs, Olivier de Garrigues, Patrick von Platen, Paul Jacob, Pauline Buche, Pavan Kumar Reddy, Perry Savas, Pierre Stock, Romain Sauvestre, Sagar Vaze, Sandeep Subramanian, Saurabh Garg, Sophia Yang, Szymon Antoniak, Teven Le Scao, Thibault Schueller, Thibaut Lavril, Thomas Wang, Th√©ophile Gervet, Timoth√©e Lacroix, Valera Nemychnikova, Wendy Shang, William El Sayed, William Marshall",Open weights (non-commercial),https://mistral.ai/news/mistral-large-2407/,,"Top-tier reasoning for high-complexity tasks, for your most sophisticated needs.",7/24/2024,Mistral AI,123000000000.0,,2.13e+25,"Details are sparse, but we can hazard a guess based on evidence about the training cluster they may have used, the scale up in compute they likely would have used relative to Mistral Large 1, and from the model's MMLU score. Extended reasoning given here: https://docs.google.com/document/d/1I2ZWBLFMpRZYcdMMUfKAGZFJrOJpduNDS9ZeVFIHnd8/edit?usp=sharing",Unspecified unreleased,,,,,,,Likely,"Today, we are announcing Mistral Large 2, the new generation of our flagship model. Compared to its predecessor, Mistral Large 2 is significantly more capable in code generation, mathematics, and reasoning. It also provides a much stronger multilingual support, and advanced function calling capabilities.",France,,,,,Unreleased,"""We are releasing Mistral Large 2 under the Mistral Research License, that allows usage and modification for research and non-commercial usages. For commercial usage of Mistral Large 2 requiring self-deployment, a Mistral Commercial License must be acquired by contacting us.""",Industry
GPT-4,"Multimodal,Language,Vision","Language modeling,Language modeling/generation,Question answering,Visual question answering","OpenAI, Josh Achiam, Steven Adler, Sandhini Agarwal, Lama Ahmad, Ilge Akkaya, Florencia Leoni Aleman, Diogo Almeida, Janko Altenschmidt, Sam Altman, Shyamal Anadkat, Red Avila, Igor Babuschkin, Suchir Balaji, Valerie Balcom, Paul Baltescu, Haiming Bao, Mohammad Bavarian, Jeff Belgum, Irwan Bello, Jake Berdine, Gabriel Bernadett-Shapiro, Christopher Berner, Lenny Bogdonoff, Oleg Boiko, Madelaine Boyd, Anna-Luisa Brakman, Greg Brockman, Tim Brooks, Miles Brundage, Kevin Button, Trevor Cai, Rosie Campbell, Andrew Cann, Brittany Carey, Chelsea Carlson, Rory Carmichael, Brooke Chan, Che Chang, Fotis Chantzis, Derek Chen, Sully Chen, Ruby Chen, Jason Chen, Mark Chen, Ben Chess, Chester Cho, Casey Chu, Hyung Won Chung, Dave Cummings, Jeremiah Currier, Yunxing Dai, Cory Decareaux, Thomas Degry, Noah Deutsch, Damien Deville, Arka Dhar, David Dohan, Steve Dowling, Sheila Dunning, Adrien Ecoffet, Atty Eleti, Tyna Eloundou, David Farhi, Liam Fedus, Niko Felix, Sim√≥n Posada Fishman, Juston Forte, Isabella Fulford, Leo Gao, Elie Georges, Christian Gibson, Vik Goel, Tarun Gogineni, Gabriel Goh, Rapha Gontijo-Lopes, Jonathan Gordon, Morgan Grafstein, Scott Gray, Ryan Greene, Joshua Gross, Shixiang Shane Gu, Yufei Guo, Chris Hallacy, Jesse Han, Jeff Harris, Yuchen He, Mike Heaton, Johannes Heidecke, Chris Hesse, Alan Hickey, Wade Hickey, Peter Hoeschele, Brandon Houghton, Kenny Hsu, Shengli Hu, Xin Hu, Joost Huizinga, Shantanu Jain, Shawn Jain et al. (181 additional authors not shown)",API access,https://arxiv.org/abs/2303.08774,8281.0,GPT-4 Technical Report,3/15/2023,OpenAI,1800000000000.0,"Rumored to be 1.8T parameter MoE with 280B activated on the forward pass, per https://www.semianalysis.com/p/gpt-4-architecture-infrastructure. Other sources estimate 1.76T with 220B per forward pass https://web.archive.org/web/20230712123915/https://the-decoder.com/gpt-4-architecture-datasets-costs-and-more-leaked/",2.1e+25,"90% CI: 8.2E+24 to 4.4E+25

NOTE: this is a rough estimate based on public information, much less information than most other systems in the database.

Calculation and confidence intervals here: https://colab.research.google.com/drive/1O99z9b1I5O66bT78r9ScslE_nOj5irN9?usp=sharing",Unspecified unreleased,"Assuming this is the earliest model in the family, the knowledge cutoff date was originally September 2021 - which I assume means September 1, 2021 - according to https://learn.microsoft.com/en-us/azure/ai-services/openai/concepts/models?tabs=global-standard%2Cstandard-chat-completions#gpt-35.",4900000000000.0,"Speculative. Reported secondhand by online sources such as Semianalysis, but not verified by OpenAI. If total number of tokens seen was 13T, text was repeated for 2 epochs, and text was the majority of tokens, then dataset size roughly is 13T*0.75/2 = 4.9T words.

Note this examines only the text dataset, since GPT-4 was first and foremost a language model. However, the vision component had its own vision dataset, which we believe accounted for a much smaller part of the compute budget.",2280.0,(Speculative) SemiAnalysis conjectures that GPT-4 training took 90-100 days with utilization of 32-36%.,NVIDIA A100 SXM4 40 GB,Likely,"We report the development of GPT-4, a large-scale, multimodal model which can accept image and text inputs and produce text outputs. While less capable than humans in many real-world scenarios, GPT-4 exhibits human-level performance on various professional and academic benchmarks, including passing a simulated bar exam with a score around the top 10% of test takers. GPT-4 is a Transformer-based model pre-trained to predict the next token in a document. The post-training alignment process results in improved performance on measures of factuality and adherence to desired behavior. A core component of this project was developing infrastructure and optimization methods that behave predictably across a wide range of scales. This allowed us to accurately predict some aspects of GPT-4's performance based on models trained with no more than 1/1,000th the compute of GPT-4.",United States of America,,,,25000.0,Unreleased,,Industry
Nemotron-4 340B,Language,"Language modeling/generation,Chat,Question answering","Bo Adler, Niket Agarwal, Ashwath Aithal, Dong H. Anh, Pallab Bhattacharya, Annika Brundyn, Jared Casper, Bryan Catanzaro, Sharon Clay, Jonathan Cohen, Sirshak Das, Ayush Dattagupta, Olivier Delalleau, Leon Derczynski, Yi Dong, Daniel Egert, Ellie Evans, Aleksander Ficek, Denys Fridman, Shaona Ghosh, Boris Ginsburg, Igor Gitman, Tomasz Grzegorzek, Robert Hero, Jining Huang, Vibhu Jawa, Joseph Jennings, Aastha Jhunjhunwala, John Kamalu, Sadaf Khan, Oleksii Kuchaiev, Patrick LeGresley, Hui Li, Jiwei Liu, Zihan Liu, Eileen Long, Ameya Sunil Mahabaleshwarkar, Somshubra Majumdar, James Maki, Miguel Martinez, Maer Rodrigues de Melo, Ivan Moshkov, Deepak Narayanan, Sean Narenthiran, Jesus Navarro, Phong Nguyen, Osvald Nitski, Vahid Noroozi, Guruprasad Nutheti, Christopher Parisien, Jupinder Parmar, Mostofa Patwary, Krzysztof Pawelec, Wei Ping, Shrimai Prabhumoye, Rajarshi Roy, Trisha Saar, Vasanth Rao Naik Sabavat, Sanjeev Satheesh, Jane Polak Scowcroft, Jason Sewall, Pavel Shamis, Gerald Shen, Mohammad Shoeybi, Dave Sizer, Misha Smelyanskiy, Felipe Soares, Makesh Narsimhan Sreedhar, Dan Su, Sandeep Subramanian, Shengyang Sun, Shubham Toshniwal, Hao Wang, Zhilin Wang, Jiaxuan You, Jiaqi Zeng, Jimmy Zhang, Jing Zhang, Vivienne Zhang, Yian Zhang, Chen Zhu",Open weights (unrestricted),https://blogs.nvidia.com/blog/nemotron-4-synthetic-data-generation-llm-training/ ,,NVIDIA Releases Open Synthetic Data Generation Pipeline for Training Large Language Models,6/14/2024,NVIDIA,340000000000.0,340B,1.8e+25,"9 trillion tokens for training
6 * 340B * 9T = 1.8E25

alternatively, can do a hardware estimate with a few extra steps:

According to the technical report, Nemotron-4 340B was trained using up to 6144 H100 GPUs. Helpfully, they also report the model FLOP utilization (MFU), which was 41-42% (Table 2). This is the ratio of the actual output of their GPUs, in FLOP used for training, relative to their theoretical max of 989 teraFLOP/s per GPU. 
Unfortunately, the report omits the last ingredient, which is the duration of the training run. However, in Table 2 they report some relevant data that we can use to infer the training time. 
Nemotron-4 was trained in several stages, but the largest stage used all 6144 GPUs with a batch size of 2304 and an iteration time (time per batch) of 8.0 seconds. This stage involved 7.6T tokens, so it makes up the majority of training. 
A batch size of 2304 means that each batch consists of 2304 sequences, and they report that the sequence length used for training was 4096 tokens. This means that each batch contained 4096 * 2304 = 9,437,184 tokens. 
So, during this stage, it took 8 seconds to train the model on 9.4m tokens. Extrapolating to the entire 9T token dataset, this implies the training run would have taken 7,659,574 seconds, or 89 days. (it actually took longer because they didn't use all their GPUs for the whole run) 
Multiplying 7,659,574 seconds by 41% MFU, 989 peak teraFLOP/s for each H100, and 6144 H100s, we get ~1.9e25 FLOP. This is very close to our first estimate. 
",Unspecified unreleased,"The technical report for the 340B model cites the report for the 15B version (https://arxiv.org/pdf/2402.16819 )

from that paper:

""We train Nemotron-4 15B on a pre-training dataset consisting of 8 trillion tokens. At a high-level,
the data blend is split into three different types of data: English natural language data (70%), multilingual
natural language data (15%), and source-code data (15%).
The English corpus consists of curated documents from a variety of sources and domains including web
documents, news articles, scientific papers, books, etc and the distribution used in our pre-training set is
highlighted in Figure 2. The code and multilingual data consists of a diverse set of natural and programming
languages. We find that appropriately sampling tokens from these languages is key to strong accuracies in
these domains. We share the distributions used for both code and multilingual tokens in our pre-training
dataset in Figure 3 and Figure 4 respectively.
In constructing the pre-training corpus, we remove any possible duplicates via document-level exact and
near-deduplication (Jennings et al., 2023). We additionally applied document-level quality filtering across
our corpus using a language-model based filtering approach similar to (Wenzek et al., 2019) in addition to a
series of heuristic filters as described in (Rae et al., 2022) and (Raffel et al., 2020).""",6750000000000.0,"9T training tokens.

They first train on an 8T token dataset and then an additional 1T tokens, it's slightly unclear if that's more data or a partial second epoch

6.75T words using 1 token = 0.75 words",2200.0,"see training compute notes, this is an inferred estimate",NVIDIA H100 SXM5 80GB,Confident,"We release the Nemotron-4 340B model family, including Nemotron-4-340B-Base, Nemotron-4-
340B-Instruct, and Nemotron-4-340B-Reward. Our models are open access under the NVIDIA Open
Model License Agreement, a permissive model license that allows distribution, modification, and use of
the models and its outputs. These models perform competitively to open access models on a wide range
of evaluation benchmarks, and were sized to fit on a single DGX H100 with 8 GPUs when deployed in
FP8 precision. We believe that the community can benefit from these models in various research studies
and commercial applications, especially for generating synthetic data to train smaller language models.
Notably, over 98% of data used in our model alignment process is synthetically generated, showcasing
the effectiveness of these models in generating synthetic data. To further support open research and
facilitate model development, we are also open-sourcing the synthetic data generation pipeline used in
our model alignment process.

(from technical report: https://d1qx31qr3h6wln.cloudfront.net/publications/Nemotron_4_340B_8T_0.pdf )",United States of America,,,,6144.0,Unreleased,Permissive commercial license: https://developer.download.nvidia.com/licenses/nvidia-open-model-license-agreement-june-2024.pdf ,Industry
Claude 3 Opus,"Multimodal,Language,Vision","Chat,Image captioning,Code generation,Language modeling/generation",,API access,https://www-cdn.anthropic.com/de8ba9b01c9ab7cbabf5c33b80b7bbc618857627/Model_Card_Claude_3.pdf,,"The Claude 3 Model Family: Opus, Sonnet, Haiku",3/4/2024,Anthropic,,,1.6399999999999998e+25,Training compute estimated from benchmark scores.,Unspecified unreleased,"Claude 3 models are trained on a proprietary mix of publicly available information on the Internet as of August 2023, as well as non-public data from third parties, data provided by data labeling services and paid contractors, and data we generate internally. We employ several data cleaning and filtering methods, including deduplication and classification. The Claude 3 suite of models have not been trained on any user prompt or output data submitted to us by users or customers, including free users, Claude Pro users, and API customers.
This has a knowledge cutoff date of August 2023, according to https://www-cdn.anthropic.com/de8ba9b01c9ab7cbabf5c33b80b7bbc618857627/Model_Card_Claude_3.pdf, which I assume means August 1, 2023.",,,,"Like its predecessors, Claude 3 models employ various training methods, such as unsupervised learning and Constitutional AI [6]. These models were trained using hardware from Amazon Web Services (AWS) and Google Cloud Platform (GCP)",,Speculative,"We introduce Claude 3, a new family of large multimodal models ‚Äì Claude 3 Opus, our most capable offering, Claude 3 Sonnet, which provides a combination of skills and speed, and Claude 3 Haiku, our fastest and least expensive model. All new models have vision capabilities that enable them to process and analyze image data. The Claude 3 family demonstrates strong performance across benchmark evaluations and sets a new standard on
measures of reasoning, math, and coding. Claude 3 Opus achieves state-of-the-art results on evaluations like GPQA [1], MMLU [2], MMMU [3] and many more. Claude 3 Haiku performs as well or better than Claude 2 [4] on most pure-text tasks, while Sonnet and Opus significantly outperform it. Additionally, these models exhibit improved fluency in non-English languages, making them more versatile for a global audience. In this report, we provide an in-depth analysis of our evaluations, focusing on core capabilities, safety, societal impacts, and the catastrophic risk assessments we committed to in our Responsible Scaling Policy [5].
",United States of America,,,,,Unreleased,,Industry
Gemini 1.5 Pro,"Language,Multimodal","Language modeling,Visual question answering",Gemini Team,API access,https://storage.googleapis.com/deepmind-media/gemini/gemini_v1_5_report.pdf,,Gemini 1.5: Unlocking multimodal understanding across millions of tokens of context,2/15/2024,Google DeepMind,,MoE architecture,1.58e+25,Training compute imputed from benchmark scores.,Unspecified unreleased,,,,,,Google TPU v4,Speculative,,"United States of America,United Kingdom of Great Britain and Northern Ireland,Multinational",,,,,Unreleased,API access: https://cloud.google.com/vertex-ai/generative-ai/docs/learn/models,Industry
GLM-4 (0116),Language,"Language modeling/generation,Question answering,Code generation,Quantitative reasoning,Translation","Aohan Zeng, Bin Xu, Bowen Wang, Chenhui Zhang, Da Yin, Diego Rojas, Guanyu Feng, Hanlin Zhao, Hanyu Lai, Hao Yu, Hongning Wang, Jiadai Sun, Jiajie Zhang, Jiale Cheng, Jiayi Gui, Jie Tang, Jing Zhang, Juanzi Li, Lei Zhao, Lindong Wu, Lucen Zhong, Mingdao Liu, Minlie Huang, Peng Zhang, Qinkai Zheng, Rui Lu, Shuaiqi Duan, Shudan Zhang, Shulin Cao, Shuxun Yang, Weng Lam Tam, Wenyi Zhao, Xiao Liu, Xiao Xia, Xiaohan Zhang, Xiaotao Gu, Xin Lv, Xinghan Liu, Xinyi Liu, Xinyue Yang, Xixuan Song, Xunkai Zhang, Yifan An, Yifan Xu, Yilin Niu, Yuantao Yang, Yueyan Li, Yushi Bai, Yuxiao Dong, Zehan Qi, Zhaoyu Wang, Zhen Yang, Zhengxiao Du, Zhenyu Hou, Zihan Wang",API access,"https://arxiv.org/abs/2406.12793
https://zhipuai.cn/en/devday",,ChatGLM: A Family of Large Language Models from GLM-130B to GLM-4 All Tools,1/17/2024,Zhipu AI,,"ChatGLM was 130B parameters, and the paper implies GLM-4 was scaled larger than previous models.",1.2e+25,"'- 0116 has slightly worse performance than 0520
- ‚Äúthe GLM-4 models are pre-trained on ten trillions of tokens‚Äù
- I did not find any information about parameters or compute. Over here they speculatively estimate GLM-4 to be 200B parameters (which seems plausible to me), though no source provided. 
- ‚ÄúGLM-4 gets close to the state-of-the-art models (GPT-4-Turbo, Gemini 1.5 Pro, and Claude 3 Opus)‚Äù  none of these models has parameters disclosed or compute estimation.

6 FLOP / token / parameter * 10000000000000 tokens * 200000000000 parameters = 1.2e+25 FLOP with ‚ÄúLikely‚Äù confidence (+/- 1 OOM)",,"""To date, the GLM-4 models are pre-trained on ten trillions of tokens mostly in Chinese and English, along with a small set of corpus from 24 languages, and aligned primarily for Chinese and English usage""",10000000000000.0,,,,,Likely,"We introduce ChatGLM, an evolving family of large language models that we have been developing over time. This report primarily focuses on the GLM-4 language series, which includes GLM-4, GLM-4-Air, and GLM-4-9B. They represent our most capable models that are trained with all the insights and lessons gained from the preceding three generations of ChatGLM. To date, the GLM-4 models are pre-trained on ten trillions of tokens mostly in Chinese and English, along with a small set of corpus from 24 languages, and aligned primarily for Chinese and English usage. The high-quality alignment is achieved via a multi-stage post-training process, which involves supervised fine-tuning and learning from human feedback. Evaluations show that GLM-4 1) closely rivals or outperforms GPT-4 in terms of general metrics such as MMLU, GSM8K, MATH, BBH, GPQA, and HumanEval, 2) gets close to GPT-4-Turbo in instruction following as measured by IFEval, 3) matches GPT-4 Turbo (128K) and Claude 3 for long context tasks, and 4) outperforms GPT-4 in Chinese alignments as measured by AlignBench. The GLM-4 All Tools model is further aligned to understand user intent and autonomously decide when and which tool(s) touse -- including web browser, Python interpreter, text-to-image model, and user-defined functions -- to effectively complete complex tasks. In practical applications, it matches and even surpasses GPT-4 All Tools in tasks like accessing online information via web browsing and solving math problems using Python interpreter. Over the course, we have open-sourced a series of models, including ChatGLM-6B (three generations), GLM-4-9B (128K, 1M), GLM-4V-9B, WebGLM, and CodeGeeX, attracting over 10 million downloads on Hugging face in the year 2023 alone. The open models can be accessed through this https URL and this https URL.",China,,,,,Unreleased,"GLM-4 (0116) has been made available through the GLM-4 API at
https://bigmodel.cn",Industry
Mistral Large,Language,Chat,,API access,https://mistral.ai/news/mistral-large/,,"Mistral Large, our new flagship model",2/26/2024,Mistral AI,,,1.12e+25,"https://www.wsj.com/tech/ai/the-9-month-old-ai-startup-challenging-silicon-valleys-giants-ee2e4c48

Mistral spent <20 million euro (meaning approximately 20 million?) to train Mistral Large:

https://x.com/EMostaque/status/1762152740938031484?s=20
""assuming this is on H100s with @Scaleway who are ‚Ç¨1.9/hour => 10m H100 hours (c 30m A100 hrs), 3 months at 4k H100s :timer_clock:"" -Emad Mostaque

Assuming bf16 or fp16, H100 SXM performance is 989 TFLOPS
At 1.9 euro per H100-hour and 30% utilization, spending 20M euro produces 1.12*10^25 FLOP.
https://www.wolframalpha.com/input?i=20+million+%2F+%281.9%2Fhour%29+*+989+TFLOPS+*+0.30 ",,,,,2500.0,Speculation by Emad Mostaque: 20M euro spent at Scaleway (1.9 euro per H100-hour) would be around 3 months on 4000 H100s.,NVIDIA H100 SXM5 80GB,Likely,,France,,,,,Unreleased,,Industry
Pangu Ultra,Language,"Code generation,Language modeling/generation","Yichun Yin, Wenyong Huang, Kaikai Song, Yehui Tang, Xueyu Wu, Wei Guo, Peng Guo, Yaoyuan Wang, Xiaojun Meng, Yasheng Wang, Dong Li, Can Chen, Dandan Tu, Yin Li, Fisher Yu, Ruiming Tang, Yunhe Wang, Baojun Wang, Bin Wang, Bo Wang, Boxiao Liu, Changzheng Zhang, Duyu Tang, Fei Mi, Hui Jin, Jiansheng Wei, Jiarui Qin, Jinpeng Li, Jun Zhao, Liqun Deng, Lin Li, Minghui Xu, Naifu Zhang, Nianzu Zheng, Qiang Li, Rongju Ruan, Shengjun Cheng, Tianyu Guo, Wei He, Wei Li, Weiwen Liu, Wulong Liu, Xinyi Dai, Yonghan Dong, Yu Pan, Yue Li, Yufei Wang, Yujun Li, Yunsheng Ni, Zhe Liu, Zhenhe Zhang, Zhicheng Liu",Hosted access (no API),https://arxiv.org/abs/2504.07866,0.0,Pangu Ultra: Pushing the Limits of Dense Large Language Models on Ascend NPUs,4/10/2025,Huawei,135000000000.0,,1.07e+25,"When compared to Llama 3.1 405B, Pangu Ultra achieves better scores on most of the challenging benchmarks, while utilizing only about 29% of the training FLOPs required by Llama 405B.

Compute = 6 FLOP/token/param *  135e9 params *13.2e12 tokens = 1.069200e+25 FLOP
This is consistent with 29% of Llama 405B's compute: 3.8e25*0.29=1.1e25.",Unspecified unreleased,,13200000000000.0, 13.2 trillion tokens,,,Huawei Ascend 910B,Confident,"We present Pangu Ultra, a Large Language Model (LLM) with 135 billion parameters and dense Transformer modules trained on Ascend Neural Processing Units (NPUs). Although the field of LLM has been witnessing unprecedented advances in pushing the scale and capability of LLM in recent years, training such a large-scale model still involves significant optimization and system challenges. To stabilize the training process, we propose depth-scaled sandwich normalization, which effectively eliminates loss spikes during the training process of deep models. We pre-train our model on 13.2 trillion diverse and high-quality tokens and further enhance its reasoning capabilities during post-training. To perform such large-scale training efficiently, we utilize 8,192 Ascend NPUs with a series of system optimizations. Evaluations on multiple diverse benchmarks indicate that Pangu Ultra significantly advances the state-of-the-art capabilities of dense LLMs such as Llama 405B and Mistral Large 2, and even achieves competitive results with DeepSeek-R1, whose sparse model structure contains much more parameters. Our exploration demonstrates that Ascend NPUs are capable of efficiently and effectively training dense models with more than 100 billion parameters. Our model and system will be available for our commercial customers.",China,,,,8192.0,Unreleased,"""Our model and system will be available for our commercial customers""",Industry
Aramco Metabrain AI,Language,Language modeling/generation,Saudi Aramco,Unreleased,https://www.offshore-technology.com/news/saudi-aramco-unveils-industry-first-generative-ai-model/,,Saudi Aramco unveils industry‚Äôs first generative AI model,3/4/2024,Saudi Aramco,250000000000.0,"""It has 250 billion parameters that are adjustable during training to generate outputs or make predictions.""",1.05e+25,6*250B*7T=1.05e+25,,"""The AI was trained using seven trillion data points, collecting more than 90 years of company history.""",7000000000000.0,,,,,Likely,,Saudi Arabia,,,,,Unreleased,,"Industry,Government"
Inflection-2,Language,"Language modeling,Language modeling/generation,Chat,Question answering",,Hosted access (no API),https://inflection.ai/inflection-2,,Inflection-2: The Next Step Up,11/22/2023,Inflection AI,,,1e+25,"""Inflection-2 was trained on 5,000 NVIDIA H100 GPUs in fp8 mixed precision for ~10¬≤‚Åµ FLOPs""

(the second 1 is there because of airtable being wonky, it's not a real sig fig)",Unspecified unreleased,,,,,,NVIDIA H100 SXM5 80GB,Confident,"Today we are proud to announce that we have completed training of Inflection-2, the best model in the world for its compute class and the second most capable LLM in the world today. Our mission at Inflection is to create a personal AI for everyone. Just a few months ago, we announced Inflection-1 ‚Äî a best-in-class language model that currently powers Pi. Our new model, Inflection-2, is substantially more capable than Inflection-1, demonstrating much improved factual knowledge, better stylistic control, and dramatically improved reasoning.",United States of America,,,,5000.0,Unreleased,"via Pi, no API",Industry
Gemini 2.5 Pro,Language,Language modeling/generation,,API access,https://openlm.ai/chatbot-arena/ (OpenLM Chatbot Arena leaderboard),,,,Google,500000000000.0,,5.999999999999999e+25,scaling_laws,,,,,,,,low,,Unknown,,,,,,,Industry
o1,Language,Language modeling/generation,,API access,https://openlm.ai/chatbot-arena/ (OpenLM Chatbot Arena leaderboard),,,,OpenAI,,,5.559999999999999e+25,benchmark_based,,,,,,,,medium,,Unknown,,,,,,Added to staging by manual review. Reason: Known large reasoning model. Added via automation pipeline from staging dataset on 2025-08-04 20:26 UTC,Industry
